dataset,model,n_icl,BLEU,ROUGE-L,BERT,MEDCON
opi,gpt-4,0,"{'avg': 0.71, 'std': 3.14}","{'avg': 17.45, 'std': 11.47}","{'avg': 86.53, 'std': 2.27}","{'avg': 10.12, 'std': 18.03}"
opi,gpt-4,1,"{'avg': 14.51, 'std': 30.79}","{'avg': 47.45, 'std': 29.96}","{'avg': 91.71, 'std': 4.65}","{'avg': 40.55, 'std': 39.15}"
opi,gpt-4,2,"{'avg': 34.18, 'std': 43.72}","{'avg': 60.75, 'std': 33.21}","{'avg': 93.48, 'std': 5.24}","{'avg': 56.66, 'std': 40.97}"
opi,gpt-4,4,"{'avg': 36.37, 'std': 42.74}","{'avg': 62.4, 'std': 32.56}","{'avg': 93.7, 'std': 5.07}","{'avg': 56.61, 'std': 40.75}"
opi,gpt-4,8,"{'avg': 40.67, 'std': 43.83}","{'avg': 65.86, 'std': 31.98}","{'avg': 94.36, 'std': 4.99}","{'avg': 63.02, 'std': 39.31}"
opi,gpt-4,16,"{'avg': 43.92, 'std': 43.68}","{'avg': 68.27, 'std': 32.67}","{'avg': 94.69, 'std': 5.02}","{'avg': 64.77, 'std': 40.06}"
opi,gpt-4,32,"{'avg': 42.86, 'std': 43.02}","{'avg': 67.54, 'std': 31.92}","{'avg': 94.58, 'std': 4.91}","{'avg': 64.76, 'std': 38.46}"
opi,gpt-4,64,"{'avg': 44.88, 'std': 42.67}","{'avg': 68.83, 'std': 31.49}","{'avg': 94.75, 'std': 4.84}","{'avg': 64.07, 'std': 39.56}"
opi,gpt-4,128,"{'avg': 45.65, 'std': 42.15}","{'avg': 68.64, 'std': 31.46}","{'avg': 94.7, 'std': 4.9}","{'avg': 65.2, 'std': 38.94}"
opi,gpt-4,256,"{'avg': 46.0, 'std': 43.1}","{'avg': 68.22, 'std': 32.26}","{'avg': 94.68, 'std': 4.91}","{'avg': 64.88, 'std': 39.27}"
cxr,gpt-4,0,"{'avg': 1.64, 'std': 4.51}","{'avg': 21.3, 'std': 13.46}","{'avg': 85.39, 'std': 3.02}","{'avg': 19.06, 'std': 22.8}"
cxr,gpt-4,1,"{'avg': 7.39, 'std': 22.08}","{'avg': 36.76, 'std': 23.78}","{'avg': 88.38, 'std': 4.51}","{'avg': 36.38, 'std': 33.2}"
cxr,gpt-4,2,"{'avg': 17.13, 'std': 32.9}","{'avg': 42.27, 'std': 28.58}","{'avg': 89.54, 'std': 5.15}","{'avg': 42.79, 'std': 33.9}"
cxr,gpt-4,4,"{'avg': 20.13, 'std': 33.26}","{'avg': 46.18, 'std': 28.74}","{'avg': 90.29, 'std': 5.12}","{'avg': 46.59, 'std': 34.05}"
cxr,gpt-4,8,"{'avg': 23.55, 'std': 35.26}","{'avg': 48.77, 'std': 30.09}","{'avg': 90.76, 'std': 5.24}","{'avg': 50.55, 'std': 35.28}"
cxr,gpt-4,16,"{'avg': 26.23, 'std': 36.0}","{'avg': 51.14, 'std': 29.36}","{'avg': 91.08, 'std': 5.32}","{'avg': 52.17, 'std': 34.94}"
cxr,gpt-4,32,"{'avg': 27.78, 'std': 36.67}","{'avg': 52.26, 'std': 29.22}","{'avg': 91.23, 'std': 5.35}","{'avg': 53.75, 'std': 34.34}"
cxr,gpt-4,64,"{'avg': 30.69, 'std': 38.9}","{'avg': 54.65, 'std': 29.74}","{'avg': 91.65, 'std': 5.47}","{'avg': 55.39, 'std': 34.82}"
cxr,gpt-4,128,"{'avg': 29.64, 'std': 36.84}","{'avg': 53.75, 'std': 29.39}","{'avg': 91.51, 'std': 5.34}","{'avg': 55.62, 'std': 34.26}"
iii,gpt-4,0,"{'avg': 3.81, 'std': 7.61}","{'avg': 23.36, 'std': 12.7}","{'avg': 86.7, 'std': 2.37}","{'avg': 24.31, 'std': 20.24}"
iii,gpt-4,1,"{'avg': 3.84, 'std': 7.71}","{'avg': 24.93, 'std': 13.08}","{'avg': 87.53, 'std': 2.62}","{'avg': 28.83, 'std': 23.5}"
iii,gpt-4,2,"{'avg': 6.17, 'std': 14.03}","{'avg': 27.19, 'std': 17.36}","{'avg': 87.98, 'std': 3.14}","{'avg': 30.07, 'std': 23.19}"
iii,gpt-4,4,"{'avg': 8.18, 'std': 16.78}","{'avg': 30.46, 'std': 18.77}","{'avg': 88.49, 'std': 3.26}","{'avg': 32.38, 'std': 25.52}"
iii,gpt-4,8,"{'avg': 9.9, 'std': 18.05}","{'avg': 32.3, 'std': 20.79}","{'avg': 88.78, 'std': 3.32}","{'avg': 32.85, 'std': 25.28}"
iii,gpt-4,16,"{'avg': 9.3, 'std': 16.55}","{'avg': 34.01, 'std': 20.67}","{'avg': 88.94, 'std': 3.33}","{'avg': 35.98, 'std': 26.29}"
iii,gpt-4,32,"{'avg': 9.84, 'std': 15.4}","{'avg': 34.96, 'std': 19.57}","{'avg': 89.08, 'std': 3.31}","{'avg': 35.88, 'std': 28.91}"
iii,gpt-4,64,"{'avg': 11.52, 'std': 19.07}","{'avg': 34.51, 'std': 20.04}","{'avg': 89.04, 'std': 3.29}","{'avg': 36.54, 'std': 27.68}"
chq,gpt-4,0,"{'avg': 4.17, 'std': 10.0}","{'avg': 33.46, 'std': 17.21}","{'avg': 91.53, 'std': 2.55}","{'avg': 55.65, 'std': 29.76}"
chq,gpt-4,1,"{'avg': 5.39, 'std': 11.51}","{'avg': 34.48, 'std': 17.76}","{'avg': 91.91, 'std': 2.79}","{'avg': 55.26, 'std': 31.51}"
chq,gpt-4,2,"{'avg': 7.47, 'std': 14.44}","{'avg': 36.03, 'std': 19.12}","{'avg': 92.15, 'std': 2.9}","{'avg': 57.03, 'std': 33.86}"
chq,gpt-4,4,"{'avg': 7.07, 'std': 13.61}","{'avg': 36.4, 'std': 18.98}","{'avg': 92.17, 'std': 2.85}","{'avg': 55.92, 'std': 32.9}"
chq,gpt-4,8,"{'avg': 7.8, 'std': 14.51}","{'avg': 37.11, 'std': 18.97}","{'avg': 92.26, 'std': 2.74}","{'avg': 56.11, 'std': 35.62}"
chq,gpt-4,16,"{'avg': 8.07, 'std': 15.04}","{'avg': 37.7, 'std': 18.47}","{'avg': 92.34, 'std': 2.85}","{'avg': 59.78, 'std': 35.16}"
chq,gpt-4,32,"{'avg': 8.28, 'std': 16.4}","{'avg': 37.01, 'std': 17.94}","{'avg': 92.37, 'std': 2.92}","{'avg': 59.42, 'std': 35.51}"
chq,gpt-4,48,"{'avg': 8.0, 'std': 15.56}","{'avg': 37.15, 'std': 17.07}","{'avg': 92.43, 'std': 2.84}","{'avg': 58.29, 'std': 36.24}"
chq,gpt-4,64,"{'avg': 8.25, 'std': 15.92}","{'avg': 37.03, 'std': 18.58}","{'avg': 92.49, 'std': 2.97}","{'avg': 58.23, 'std': 36.62}"
chq,gpt-4,128,"{'avg': 10.65, 'std': 17.25}","{'avg': 37.33, 'std': 18.9}","{'avg': 92.45, 'std': 3.06}","{'avg': 59.75, 'std': 36.77}"
pls,gpt-4,0,"{'avg': 0.41, 'std': 2.48}","{'avg': 13.23, 'std': 8.31}","{'avg': 82.59, 'std': 2.92}","{'avg': 22.05, 'std': 16.45}"
pls,gpt-4,1,"{'avg': 1.76, 'std': 6.19}","{'avg': 19.87, 'std': 13.62}","{'avg': 84.91, 'std': 3.79}","{'avg': 27.67, 'std': 22.38}"
pls,gpt-4,2,"{'avg': 3.08, 'std': 12.22}","{'avg': 23.31, 'std': 17.65}","{'avg': 85.48, 'std': 4.14}","{'avg': 29.16, 'std': 22.93}"
pls,gpt-4,6,"{'avg': 2.58, 'std': 8.46}","{'avg': 23.12, 'std': 16.05}","{'avg': 85.46, 'std': 4.17}","{'avg': 28.92, 'std': 23.0}"
pls,gpt-4,8,"{'avg': 2.87, 'std': 8.32}","{'avg': 23.77, 'std': 15.53}","{'avg': 85.46, 'std': 4.19}","{'avg': 29.56, 'std': 22.45}"
pls,gpt-4,16,"{'avg': 3.27, 'std': 9.79}","{'avg': 25.66, 'std': 16.54}","{'avg': 85.84, 'std': 4.12}","{'avg': 31.39, 'std': 21.61}"
pls,gpt-4,24,"{'avg': 3.44, 'std': 9.49}","{'avg': 27.16, 'std': 16.28}","{'avg': 86.05, 'std': 4.1}","{'avg': 31.45, 'std': 22.19}"
d2n,gpt-4,0,"{'avg': 9.07, 'std': 3.92}","{'avg': 25.04, 'std': 4.42}","{'avg': 87.0, 'std': 1.16}","{'avg': 45.13, 'std': 12.44}"
d2n,gpt-4,1,"{'avg': 19.75, 'std': 11.93}","{'avg': 36.35, 'std': 11.17}","{'avg': 89.59, 'std': 1.4}","{'avg': 59.26, 'std': 14.4}"
d2n,gpt-4,2,"{'avg': 23.53, 'std': 14.99}","{'avg': 39.28, 'std': 13.7}","{'avg': 89.8, 'std': 1.95}","{'avg': 60.13, 'std': 16.44}"
d2n,gpt-4,4,"{'avg': 24.9, 'std': 13.49}","{'avg': 39.99, 'std': 12.49}","{'avg': 89.95, 'std': 1.83}","{'avg': 59.43, 'std': 15.91}"
d2n,gpt-4,8,"{'avg': 27.72, 'std': 12.6}","{'avg': 42.64, 'std': 11.15}","{'avg': 90.3, 'std': 1.67}","{'avg': 62.18, 'std': 14.23}"
d2n,gpt-4,16,"{'avg': 26.93, 'std': 11.28}","{'avg': 42.85, 'std': 10.23}","{'avg': 90.15, 'std': 1.49}","{'avg': 59.89, 'std': 13.92}"
opi,gpt-35,0,"{'avg': 1.68, 'std': 5.76}","{'avg': 14.05, 'std': 11.59}","{'avg': 85.75, 'std': 2.26}","{'avg': 8.15, 'std': 16.76}"
opi,gpt-35,1,"{'avg': 4.59, 'std': 12.55}","{'avg': 28.21, 'std': 19.1}","{'avg': 89.87, 'std': 3.24}","{'avg': 28.44, 'std': 32.25}"
opi,gpt-35,2,"{'avg': 12.49, 'std': 27.44}","{'avg': 38.62, 'std': 26.31}","{'avg': 91.12, 'std': 4.19}","{'avg': 39.53, 'std': 36.21}"
opi,gpt-35,4,"{'avg': 23.97, 'std': 36.39}","{'avg': 49.52, 'std': 30.77}","{'avg': 92.2, 'std': 4.77}","{'avg': 50.11, 'std': 39.71}"
opi,gpt-35,8,"{'avg': 30.02, 'std': 38.53}","{'avg': 54.27, 'std': 31.41}","{'avg': 92.76, 'std': 4.82}","{'avg': 53.9, 'std': 39.91}"
opi,gpt-35,16,"{'avg': 34.94, 'std': 40.26}","{'avg': 58.93, 'std': 32.96}","{'avg': 93.4, 'std': 4.92}","{'avg': 57.1, 'std': 39.88}"
opi,gpt-35,32,"{'avg': 33.88, 'std': 40.31}","{'avg': 59.83, 'std': 32.21}","{'avg': 93.51, 'std': 4.78}","{'avg': 57.6, 'std': 39.5}"
opi,gpt-35,64,"{'avg': 43.51, 'std': 43.61}","{'avg': 66.78, 'std': 32.85}","{'avg': 94.52, 'std': 5.16}","{'avg': 60.79, 'std': 40.51}"
opi,gpt-35,128,"{'avg': 42.28, 'std': 43.99}","{'avg': 67.16, 'std': 33.1}","{'avg': 94.53, 'std': 5.13}","{'avg': 62.26, 'std': 41.35}"
cxr,gpt-35,0,"{'avg': 1.92, 'std': 5.04}","{'avg': 17.86, 'std': 13.93}","{'avg': 84.76, 'std': 2.97}","{'avg': 18.59, 'std': 21.92}"
cxr,gpt-35,1,"{'avg': 5.36, 'std': 9.82}","{'avg': 27.44, 'std': 19.38}","{'avg': 87.61, 'std': 3.61}","{'avg': 38.14, 'std': 31.68}"
cxr,gpt-35,2,"{'avg': 7.11, 'std': 13.18}","{'avg': 31.14, 'std': 19.2}","{'avg': 88.16, 'std': 3.49}","{'avg': 41.6, 'std': 31.39}"
cxr,gpt-35,4,"{'avg': 14.21, 'std': 26.78}","{'avg': 38.25, 'std': 25.73}","{'avg': 89.22, 'std': 4.56}","{'avg': 44.53, 'std': 33.34}"
cxr,gpt-35,8,"{'avg': 15.01, 'std': 26.44}","{'avg': 41.46, 'std': 25.2}","{'avg': 89.78, 'std': 4.51}","{'avg': 47.42, 'std': 33.23}"
cxr,gpt-35,16,"{'avg': 20.61, 'std': 31.1}","{'avg': 46.72, 'std': 27.19}","{'avg': 90.32, 'std': 5.07}","{'avg': 48.98, 'std': 34.63}"
cxr,gpt-35,32,"{'avg': 27.09, 'std': 36.29}","{'avg': 52.16, 'std': 29.83}","{'avg': 91.27, 'std': 5.47}","{'avg': 54.34, 'std': 35.64}"
cxr,gpt-35,64,"{'avg': 27.32, 'std': 36.69}","{'avg': 52.26, 'std': 30.05}","{'avg': 91.19, 'std': 5.41}","{'avg': 53.95, 'std': 35.72}"
iii,gpt-35,0,"{'avg': 3.95, 'std': 7.13}","{'avg': 21.36, 'std': 11.03}","{'avg': 86.26, 'std': 2.38}","{'avg': 23.46, 'std': 18.14}"
iii,gpt-35,1,"{'avg': 7.19, 'std': 10.97}","{'avg': 29.05, 'std': 15.24}","{'avg': 88.09, 'std': 2.93}","{'avg': 28.08, 'std': 23.6}"
iii,gpt-35,2,"{'avg': 8.05, 'std': 12.26}","{'avg': 30.12, 'std': 16.16}","{'avg': 88.39, 'std': 2.89}","{'avg': 31.74, 'std': 25.11}"
iii,gpt-35,4,"{'avg': 9.96, 'std': 15.42}","{'avg': 30.95, 'std': 15.65}","{'avg': 88.65, 'std': 2.81}","{'avg': 33.85, 'std': 26.93}"
iii,gpt-35,8,"{'avg': 10.78, 'std': 18.72}","{'avg': 32.54, 'std': 18.36}","{'avg': 88.84, 'std': 3.12}","{'avg': 31.95, 'std': 27.76}"
iii,gpt-35,16,"{'avg': 12.87, 'std': 19.87}","{'avg': 33.71, 'std': 18.79}","{'avg': 88.94, 'std': 3.41}","{'avg': 34.59, 'std': 27.02}"
iii,gpt-35,32,"{'avg': 12.08, 'std': 20.09}","{'avg': 32.64, 'std': 20.12}","{'avg': 88.72, 'std': 3.62}","{'avg': 33.13, 'std': 28.38}"
chq,gpt-35,0,"{'avg': 5.39, 'std': 10.51}","{'avg': 31.53, 'std': 15.33}","{'avg': 91.27, 'std': 2.25}","{'avg': 50.34, 'std': 32.38}"
chq,gpt-35,1,"{'avg': 6.84, 'std': 14.33}","{'avg': 35.92, 'std': 18.67}","{'avg': 92.02, 'std': 2.86}","{'avg': 53.43, 'std': 34.21}"
chq,gpt-35,2,"{'avg': 6.89, 'std': 13.78}","{'avg': 36.0, 'std': 17.99}","{'avg': 92.04, 'std': 2.79}","{'avg': 53.32, 'std': 34.1}"
chq,gpt-35,4,"{'avg': 9.19, 'std': 16.83}","{'avg': 37.23, 'std': 19.05}","{'avg': 92.24, 'std': 3.01}","{'avg': 55.2, 'std': 34.44}"
chq,gpt-35,8,"{'avg': 6.5, 'std': 13.17}","{'avg': 34.97, 'std': 16.92}","{'avg': 91.95, 'std': 2.75}","{'avg': 53.73, 'std': 34.91}"
chq,gpt-35,16,"{'avg': 8.2, 'std': 16.53}","{'avg': 36.13, 'std': 19.65}","{'avg': 92.14, 'std': 3.04}","{'avg': 57.5, 'std': 34.77}"
chq,gpt-35,32,"{'avg': 7.63, 'std': 15.2}","{'avg': 33.92, 'std': 17.9}","{'avg': 91.99, 'std': 2.78}","{'avg': 54.75, 'std': 35.59}"
chq,gpt-35,64,"{'avg': 7.66, 'std': 15.86}","{'avg': 34.99, 'std': 18.63}","{'avg': 92.12, 'std': 2.67}","{'avg': 56.42, 'std': 35.72}"
pls,gpt-35,0,"{'avg': 1.56, 'std': 10.33}","{'avg': 18.79, 'std': 13.86}","{'avg': 83.72, 'std': 3.67}","{'avg': 24.56, 'std': 19.78}"
pls,gpt-35,1,"{'avg': 1.78, 'std': 10.49}","{'avg': 24.86, 'std': 16.89}","{'avg': 85.76, 'std': 3.76}","{'avg': 27.91, 'std': 22.73}"
pls,gpt-35,2,"{'avg': 3.37, 'std': 12.72}","{'avg': 24.69, 'std': 18.53}","{'avg': 86.03, 'std': 3.99}","{'avg': 28.41, 'std': 23.76}"
pls,gpt-35,4,"{'avg': 3.59, 'std': 12.76}","{'avg': 26.42, 'std': 19.58}","{'avg': 86.12, 'std': 4.51}","{'avg': 29.77, 'std': 25.29}"
pls,gpt-35,8,"{'avg': 3.27, 'std': 13.4}","{'avg': 26.1, 'std': 19.65}","{'avg': 86.34, 'std': 4.33}","{'avg': 30.14, 'std': 25.13}"
d2n,gpt-35,0,"{'avg': 7.93, 'std': 5.01}","{'avg': 23.56, 'std': 4.95}","{'avg': 86.37, 'std': 0.93}","{'avg': 43.0, 'std': 12.36}"
d2n,gpt-35,1,"{'avg': 14.84, 'std': 9.68}","{'avg': 32.23, 'std': 9.82}","{'avg': 88.95, 'std': 1.7}","{'avg': 54.22, 'std': 14.88}"
d2n,gpt-35,2,"{'avg': 22.51, 'std': 13.12}","{'avg': 39.23, 'std': 11.07}","{'avg': 89.71, 'std': 1.67}","{'avg': 59.89, 'std': 12.68}"
d2n,gpt-35,4,"{'avg': 20.7, 'std': 10.43}","{'avg': 37.57, 'std': 9.99}","{'avg': 89.53, 'std': 1.63}","{'avg': 55.98, 'std': 13.89}"
d2n,gpt-35,8,"{'avg': 21.97, 'std': 10.72}","{'avg': 38.3, 'std': 9.57}","{'avg': 89.69, 'std': 1.69}","{'avg': 57.22, 'std': 14.5}"
opi,vicuna-7b,0,"{'avg': 1.07, 'std': 5.31}","{'avg': 11.64, 'std': 13.39}","{'avg': 85.73, 'std': 2.63}","{'avg': 9.46, 'std': 21.16}"
opi,vicuna-7b,1,"{'avg': 10.18, 'std': 13.14}","{'avg': 32.38, 'std': 19.72}","{'avg': 89.69, 'std': 3.53}","{'avg': 39.16, 'std': 34.97}"
opi,vicuna-7b,2,"{'avg': 11.09, 'std': 14.21}","{'avg': 35.02, 'std': 19.51}","{'avg': 89.85, 'std': 3.37}","{'avg': 38.88, 'std': 32.29}"
opi,vicuna-7b,4,"{'avg': 10.77, 'std': 13.68}","{'avg': 34.86, 'std': 19.84}","{'avg': 89.76, 'std': 3.5}","{'avg': 39.49, 'std': 32.51}"
opi,vicuna-7b,8,"{'avg': 11.14, 'std': 13.17}","{'avg': 36.23, 'std': 18.96}","{'avg': 90.01, 'std': 3.42}","{'avg': 40.29, 'std': 33.34}"
opi,vicuna-7b,16,"{'avg': 11.4, 'std': 13.65}","{'avg': 36.32, 'std': 19.48}","{'avg': 89.98, 'std': 3.53}","{'avg': 38.58, 'std': 32.13}"
cxr,vicuna-7b,0,"{'avg': 2.37, 'std': 5.77}","{'avg': 15.4, 'std': 14.07}","{'avg': 84.46, 'std': 2.87}","{'avg': 19.42, 'std': 23.72}"
cxr,vicuna-7b,1,"{'avg': 5.17, 'std': 8.08}","{'avg': 23.93, 'std': 13.66}","{'avg': 86.55, 'std': 3.22}","{'avg': 29.32, 'std': 23.83}"
cxr,vicuna-7b,2,"{'avg': 4.0, 'std': 6.76}","{'avg': 23.39, 'std': 13.51}","{'avg': 86.34, 'std': 3.15}","{'avg': 29.14, 'std': 25.38}"
cxr,vicuna-7b,4,"{'avg': 4.12, 'std': 6.31}","{'avg': 21.65, 'std': 14.25}","{'avg': 86.19, 'std': 3.26}","{'avg': 27.22, 'std': 24.39}"
cxr,vicuna-7b,8,"{'avg': 4.68, 'std': 6.73}","{'avg': 22.94, 'std': 13.24}","{'avg': 86.22, 'std': 3.06}","{'avg': 27.16, 'std': 25.28}"
cxr,vicuna-7b,16,"{'avg': 4.48, 'std': 6.79}","{'avg': 21.53, 'std': 14.85}","{'avg': 85.78, 'std': 3.68}","{'avg': 26.71, 'std': 26.62}"
iii,vicuna-7b,0,"{'avg': 2.67, 'std': 5.42}","{'avg': 15.12, 'std': 8.78}","{'avg': 85.15, 'std': 2.01}","{'avg': 15.95, 'std': 16.1}"
iii,vicuna-7b,1,"{'avg': 4.2, 'std': 5.66}","{'avg': 16.61, 'std': 8.06}","{'avg': 85.1, 'std': 1.96}","{'avg': 19.78, 'std': 16.01}"
iii,vicuna-7b,2,"{'avg': 3.51, 'std': 4.51}","{'avg': 16.58, 'std': 7.41}","{'avg': 85.11, 'std': 1.83}","{'avg': 18.94, 'std': 14.53}"
iii,vicuna-7b,4,"{'avg': 3.63, 'std': 5.14}","{'avg': 16.21, 'std': 6.61}","{'avg': 85.48, 'std': 1.74}","{'avg': 19.99, 'std': 14.65}"
iii,vicuna-7b,8,"{'avg': 2.81, 'std': 4.85}","{'avg': 14.45, 'std': 7.53}","{'avg': 84.88, 'std': 2.31}","{'avg': 17.16, 'std': 15.47}"
chq,vicuna-7b,0,"{'avg': 3.29, 'std': 8.05}","{'avg': 30.61, 'std': 17.42}","{'avg': 89.74, 'std': 2.93}","{'avg': 46.11, 'std': 38.7}"
chq,vicuna-7b,1,"{'avg': 3.45, 'std': 9.43}","{'avg': 28.8, 'std': 16.06}","{'avg': 89.69, 'std': 2.7}","{'avg': 46.54, 'std': 39.14}"
chq,vicuna-7b,2,"{'avg': 4.55, 'std': 10.05}","{'avg': 31.58, 'std': 15.85}","{'avg': 90.1, 'std': 2.58}","{'avg': 49.72, 'std': 38.21}"
chq,vicuna-7b,4,"{'avg': 5.12, 'std': 12.01}","{'avg': 31.17, 'std': 18.79}","{'avg': 89.94, 'std': 2.92}","{'avg': 51.21, 'std': 39.69}"
chq,vicuna-7b,8,"{'avg': 6.15, 'std': 12.77}","{'avg': 30.65, 'std': 18.11}","{'avg': 89.93, 'std': 2.91}","{'avg': 52.1, 'std': 39.8}"
pls,vicuna-7b,0,"{'avg': 0.12, 'std': 1.25}","{'avg': 13.44, 'std': 10.89}","{'avg': 83.26, 'std': 2.75}","{'avg': 20.15, 'std': 21.97}"
pls,vicuna-7b,1,"{'avg': 0.12, 'std': 1.25}","{'avg': 7.71, 'std': 10.45}","{'avg': 80.62, 'std': 3.57}","{'avg': 10.99, 'std': 17.46}"
d2n,vicuna-7b,0,"{'avg': 7.75, 'std': 5.47}","{'avg': 22.12, 'std': 7.76}","{'avg': 85.02, 'std': 2.22}","{'avg': 39.53, 'std': 15.97}"
opi,llama2-7b,0,"{'avg': 0.57, 'std': 4.29}","{'avg': 11.73, 'std': 11.75}","{'avg': 85.35, 'std': 2.07}","{'avg': 6.85, 'std': 18.67}"
opi,llama2-7b,1,"{'avg': 11.17, 'std': 12.99}","{'avg': 33.98, 'std': 18.52}","{'avg': 89.85, 'std': 3.35}","{'avg': 38.24, 'std': 31.08}"
opi,llama2-7b,2,"{'avg': 11.89, 'std': 14.03}","{'avg': 34.83, 'std': 19.03}","{'avg': 89.83, 'std': 3.34}","{'avg': 39.3, 'std': 32.52}"
opi,llama2-7b,4,"{'avg': 12.2, 'std': 13.34}","{'avg': 35.09, 'std': 18.68}","{'avg': 90.04, 'std': 3.17}","{'avg': 40.1, 'std': 31.98}"
opi,llama2-7b,8,"{'avg': 13.3, 'std': 14.01}","{'avg': 36.69, 'std': 19.18}","{'avg': 90.19, 'std': 3.36}","{'avg': 40.22, 'std': 32.16}"
opi,llama2-7b,16,"{'avg': 12.24, 'std': 13.2}","{'avg': 35.78, 'std': 18.14}","{'avg': 89.96, 'std': 3.25}","{'avg': 39.8, 'std': 32.14}"
opi,llama2-7b,32,"{'avg': 12.67, 'std': 13.05}","{'avg': 35.53, 'std': 18.57}","{'avg': 90.03, 'std': 3.37}","{'avg': 39.64, 'std': 31.31}"
cxr,llama2-7b,0,"{'avg': 1.89, 'std': 6.56}","{'avg': 13.87, 'std': 12.4}","{'avg': 83.82, 'std': 2.64}","{'avg': 17.82, 'std': 26.04}"
cxr,llama2-7b,1,"{'avg': 5.45, 'std': 8.32}","{'avg': 23.59, 'std': 13.88}","{'avg': 86.52, 'std': 3.31}","{'avg': 29.06, 'std': 23.73}"
cxr,llama2-7b,2,"{'avg': 5.59, 'std': 8.11}","{'avg': 24.5, 'std': 13.4}","{'avg': 86.83, 'std': 3.22}","{'avg': 32.12, 'std': 24.62}"
cxr,llama2-7b,4,"{'avg': 5.61, 'std': 7.63}","{'avg': 24.19, 'std': 13.32}","{'avg': 86.72, 'std': 3.21}","{'avg': 31.4, 'std': 23.96}"
cxr,llama2-7b,8,"{'avg': 6.02, 'std': 7.92}","{'avg': 25.42, 'std': 13.89}","{'avg': 86.85, 'std': 3.03}","{'avg': 32.61, 'std': 23.42}"
cxr,llama2-7b,16,"{'avg': 6.38, 'std': 8.88}","{'avg': 25.26, 'std': 14.88}","{'avg': 86.96, 'std': 3.23}","{'avg': 32.56, 'std': 24.28}"
cxr,llama2-7b,32,"{'avg': 4.85, 'std': 6.64}","{'avg': 20.25, 'std': 14.5}","{'avg': 85.35, 'std': 4.0}","{'avg': 24.4, 'std': 24.66}"
iii,llama2-7b,0,"{'avg': 4.0, 'std': 7.18}","{'avg': 11.98, 'std': 8.56}","{'avg': 83.67, 'std': 2.67}","{'avg': 18.52, 'std': 20.71}"
iii,llama2-7b,1,"{'avg': 4.77, 'std': 6.12}","{'avg': 17.44, 'std': 9.6}","{'avg': 85.58, 'std': 2.11}","{'avg': 23.2, 'std': 19.64}"
iii,llama2-7b,2,"{'avg': 4.91, 'std': 5.97}","{'avg': 17.43, 'std': 8.58}","{'avg': 85.77, 'std': 2.16}","{'avg': 22.99, 'std': 16.87}"
iii,llama2-7b,4,"{'avg': 4.39, 'std': 5.49}","{'avg': 17.06, 'std': 8.49}","{'avg': 85.52, 'std': 2.27}","{'avg': 22.47, 'std': 17.96}"
iii,llama2-7b,8,"{'avg': 3.83, 'std': 5.17}","{'avg': 16.48, 'std': 7.59}","{'avg': 85.27, 'std': 2.26}","{'avg': 20.0, 'std': 16.66}"
iii,llama2-7b,16,"{'avg': 3.42, 'std': 5.14}","{'avg': 14.54, 'std': 9.12}","{'avg': 84.31, 'std': 3.19}","{'avg': 18.5, 'std': 19.03}"
chq,llama2-7b,0,"{'avg': 1.31, 'std': 5.11}","{'avg': 19.94, 'std': 13.74}","{'avg': 86.65, 'std': 3.09}","{'avg': 33.53, 'std': 34.99}"
chq,llama2-7b,1,"{'avg': 3.04, 'std': 9.62}","{'avg': 26.04, 'std': 16.11}","{'avg': 89.03, 'std': 2.88}","{'avg': 48.91, 'std': 40.96}"
chq,llama2-7b,2,"{'avg': 3.97, 'std': 10.37}","{'avg': 27.91, 'std': 16.2}","{'avg': 89.37, 'std': 2.7}","{'avg': 49.21, 'std': 42.09}"
chq,llama2-7b,4,"{'avg': 3.49, 'std': 8.7}","{'avg': 27.77, 'std': 15.6}","{'avg': 89.2, 'std': 2.65}","{'avg': 47.31, 'std': 40.52}"
chq,llama2-7b,8,"{'avg': 3.06, 'std': 7.61}","{'avg': 27.22, 'std': 14.58}","{'avg': 89.25, 'std': 2.47}","{'avg': 46.33, 'std': 41.09}"
chq,llama2-7b,16,"{'avg': 3.24, 'std': 8.11}","{'avg': 28.36, 'std': 16.3}","{'avg': 89.48, 'std': 2.5}","{'avg': 50.76, 'std': 39.29}"
pls,llama2-7b,0,"{'avg': 0.0, 'std': 0.0}","{'avg': 11.19, 'std': 11.1}","{'avg': 82.39, 'std': 3.29}","{'avg': 21.42, 'std': 23.31}"
pls,llama2-7b,1,"{'avg': 0.43, 'std': 2.23}","{'avg': 11.19, 'std': 10.52}","{'avg': 82.7, 'std': 2.72}","{'avg': 17.81, 'std': 19.45}"
pls,llama2-7b,2,"{'avg': 0.78, 'std': 3.61}","{'avg': 11.98, 'std': 11.22}","{'avg': 82.83, 'std': 3.1}","{'avg': 21.46, 'std': 25.18}"
d2n,llama2-7b,0,"{'avg': 3.39, 'std': 6.16}","{'avg': 14.5, 'std': 8.47}","{'avg': 80.04, 'std': 2.76}","{'avg': 24.72, 'std': 22.49}"
d2n,llama2-7b,1,"{'avg': 10.69, 'std': 11.34}","{'avg': 21.09, 'std': 14.01}","{'avg': 82.58, 'std': 5.39}","{'avg': 35.77, 'std': 26.27}"
opi,flan-ul2,0,"{'avg': 2.2, 'std': 8.44}","{'avg': 14.31, 'std': 17.1}","{'avg': 85.84, 'std': 2.47}","{'avg': 9.4, 'std': 19.79}"
opi,flan-ul2,1,"{'avg': 37.34, 'std': 44.87}","{'avg': 53.81, 'std': 41.74}","{'avg': 92.15, 'std': 6.57}","{'avg': 48.63, 'std': 45.55}"
opi,flan-ul2,2,"{'avg': 38.38, 'std': 46.39}","{'avg': 53.49, 'std': 42.63}","{'avg': 92.27, 'std': 6.78}","{'avg': 47.36, 'std': 46.0}"
opi,flan-ul2,4,"{'avg': 39.4, 'std': 46.75}","{'avg': 54.61, 'std': 42.24}","{'avg': 92.44, 'std': 6.9}","{'avg': 49.89, 'std': 45.98}"
opi,flan-ul2,8,"{'avg': 40.03, 'std': 46.89}","{'avg': 55.89, 'std': 42.13}","{'avg': 92.66, 'std': 6.83}","{'avg': 50.11, 'std': 46.21}"
opi,flan-ul2,16,"{'avg': 38.99, 'std': 46.4}","{'avg': 54.62, 'std': 42.34}","{'avg': 92.46, 'std': 6.86}","{'avg': 48.61, 'std': 46.26}"
cxr,flan-ul2,0,"{'avg': 4.11, 'std': 9.08}","{'avg': 16.57, 'std': 15.88}","{'avg': 84.34, 'std': 3.2}","{'avg': 17.18, 'std': 24.24}"
cxr,flan-ul2,1,"{'avg': 20.71, 'std': 33.76}","{'avg': 38.35, 'std': 34.45}","{'avg': 88.29, 'std': 6.44}","{'avg': 37.06, 'std': 38.74}"
cxr,flan-ul2,2,"{'avg': 22.17, 'std': 36.32}","{'avg': 38.31, 'std': 34.62}","{'avg': 88.62, 'std': 6.36}","{'avg': 39.18, 'std': 38.44}"
cxr,flan-ul2,4,"{'avg': 23.19, 'std': 37.5}","{'avg': 40.32, 'std': 35.47}","{'avg': 89.17, 'std': 6.37}","{'avg': 40.13, 'std': 39.26}"
cxr,flan-ul2,8,"{'avg': 23.29, 'std': 38.25}","{'avg': 42.45, 'std': 35.85}","{'avg': 89.49, 'std': 6.47}","{'avg': 43.14, 'std': 39.47}"
cxr,flan-ul2,16,"{'avg': 24.92, 'std': 39.01}","{'avg': 42.11, 'std': 35.89}","{'avg': 89.37, 'std': 6.59}","{'avg': 42.4, 'std': 39.57}"
iii,flan-ul2,0,"{'avg': 5.75, 'std': 7.9}","{'avg': 20.98, 'std': 13.14}","{'avg': 86.49, 'std': 2.45}","{'avg': 24.61, 'std': 23.05}"
iii,flan-ul2,1,"{'avg': 7.89, 'std': 13.62}","{'avg': 23.92, 'std': 15.0}","{'avg': 87.02, 'std': 2.97}","{'avg': 29.16, 'std': 24.91}"
iii,flan-ul2,2,"{'avg': 8.42, 'std': 14.26}","{'avg': 23.82, 'std': 15.71}","{'avg': 87.01, 'std': 3.27}","{'avg': 26.77, 'std': 24.55}"
iii,flan-ul2,4,"{'avg': 9.03, 'std': 17.42}","{'avg': 25.25, 'std': 18.09}","{'avg': 87.16, 'std': 3.58}","{'avg': 28.21, 'std': 24.5}"
iii,flan-ul2,8,"{'avg': 8.43, 'std': 13.89}","{'avg': 24.86, 'std': 15.27}","{'avg': 87.18, 'std': 3.26}","{'avg': 28.91, 'std': 25.35}"
chq,flan-ul2,0,"{'avg': 2.26, 'std': 6.7}","{'avg': 22.52, 'std': 16.52}","{'avg': 89.1, 'std': 3.17}","{'avg': 27.54, 'std': 37.41}"
chq,flan-ul2,1,"{'avg': 2.79, 'std': 7.4}","{'avg': 26.37, 'std': 16.66}","{'avg': 89.92, 'std': 3.1}","{'avg': 37.18, 'std': 39.13}"
chq,flan-ul2,2,"{'avg': 2.47, 'std': 7.03}","{'avg': 28.83, 'std': 15.53}","{'avg': 90.3, 'std': 3.11}","{'avg': 39.53, 'std': 37.59}"
chq,flan-ul2,4,"{'avg': 3.16, 'std': 8.03}","{'avg': 29.4, 'std': 16.72}","{'avg': 90.29, 'std': 3.51}","{'avg': 42.19, 'std': 37.97}"
chq,flan-ul2,8,"{'avg': 4.07, 'std': 10.09}","{'avg': 30.91, 'std': 16.33}","{'avg': 90.64, 'std': 3.4}","{'avg': 44.33, 'std': 38.96}"
pls,flan-ul2,0,"{'avg': 0.0, 'std': 0.0}","{'avg': 10.36, 'std': 16.89}","{'avg': 81.23, 'std': 3.07}","{'avg': 10.11, 'std': 20.12}"
pls,flan-ul2,1,"{'avg': 0.0, 'std': 0.0}","{'avg': 5.08, 'std': 14.41}","{'avg': 79.69, 'std': 3.31}","{'avg': 4.85, 'std': 14.44}"
d2n,flan-ul2,0,"{'avg': 4.96, 'std': 6.33}","{'avg': 21.18, 'std': 10.01}","{'avg': 85.71, 'std': 2.21}","{'avg': 39.96, 'std': 18.93}"
opi,flan-t5-xl,0,"{'avg': 0.86, 'std': 4.64}","{'avg': 11.58, 'std': 15.2}","{'avg': 86.3, 'std': 2.59}","{'avg': 5.23, 'std': 16.36}"
opi,flan-t5-xl,1,"{'avg': 43.64, 'std': 47.17}","{'avg': 63.52, 'std': 39.27}","{'avg': 93.99, 'std': 6.16}","{'avg': 57.64, 'std': 46.42}"
opi,flan-t5-xl,2,"{'avg': 45.27, 'std': 47.3}","{'avg': 66.97, 'std': 38.19}","{'avg': 94.65, 'std': 5.82}","{'avg': 61.84, 'std': 45.13}"
opi,flan-t5-xl,4,"{'avg': 46.04, 'std': 47.43}","{'avg': 67.45, 'std': 38.23}","{'avg': 94.63, 'std': 5.9}","{'avg': 61.09, 'std': 45.76}"
cxr,flan-t5-xl,0,"{'avg': 3.45, 'std': 9.38}","{'avg': 18.03, 'std': 18.24}","{'avg': 84.81, 'std': 3.52}","{'avg': 16.09, 'std': 25.86}"
cxr,flan-t5-xl,1,"{'avg': 24.32, 'std': 38.79}","{'avg': 40.69, 'std': 34.67}","{'avg': 89.12, 'std': 6.36}","{'avg': 38.4, 'std': 37.94}"
cxr,flan-t5-xl,2,"{'avg': 24.76, 'std': 38.94}","{'avg': 42.54, 'std': 35.89}","{'avg': 89.43, 'std': 6.45}","{'avg': 39.23, 'std': 39.9}"
iii,flan-t5-xl,0,"{'avg': 4.41, 'std': 8.78}","{'avg': 20.72, 'std': 15.87}","{'avg': 86.43, 'std': 3.29}","{'avg': 19.36, 'std': 23.27}"
iii,flan-t5-xl,1,"{'avg': 9.33, 'std': 17.95}","{'avg': 26.34, 'std': 19.2}","{'avg': 87.39, 'std': 3.61}","{'avg': 28.97, 'std': 27.12}"
chq,flan-t5-xl,0,"{'avg': 2.38, 'std': 7.9}","{'avg': 28.63, 'std': 15.96}","{'avg': 90.03, 'std': 3.08}","{'avg': 40.65, 'std': 39.99}"
chq,flan-t5-xl,1,"{'avg': 1.53, 'std': 5.75}","{'avg': 27.54, 'std': 16.27}","{'avg': 88.6, 'std': 3.63}","{'avg': 38.32, 'std': 37.77}"
chq,flan-t5-xl,2,"{'avg': 2.32, 'std': 7.02}","{'avg': 27.81, 'std': 17.42}","{'avg': 88.59, 'std': 3.84}","{'avg': 41.75, 'std': 39.45}"
